Comment,Designator,Footprint,LCSC Part #,Quantity
10uF CL10A106KP8NNNC,"C1,C2",C_0603_1608Metric,C19702,2
100nF CL05B104KO5NNNC,"C3,C4,C5,C6,C7,C9,C10,C11,C12,C15",Capacitor_0402,C1525,10
1uF CL05A105KA5NQNC,"C13,C14",Capacitor_0402,C52923,2
15pF 0402CG150J500NT,"C16,C17",Capacitor_0402,C1548,2
1N4148W,"D1,D2,D3,D4,D5,D6,D7,D8,D9,D10,D11,D12,D13,D14,D15,D16,D17,D18,D19,D20,D21,D22,D23,D24,D25,D26,D27,D28,D29,D30,D31,D32,D33,D34,D35,D36,D37,D38,D39,D40,D41,D42,D43,D44,D45,D46,D47,D48,D49,D50,D51,D52,D53,D54,D55,D56,D57,D58,D59,D60,D61,D62,D63,D64,D65,D66,D67,D68,D69,D70,D71,D72,D73,D74,D75,D76,D77,D78,D79,D80,D81,D82",Diode_SOD-123,C81598,82
500mA SMD0805-050,F1,Fuse_0805_2012Metric,C66452,1
HRO TYPE-C-31-M-12,J1,USB_C_HRO_TYPE-C-31-M-12,C165948,1
5.1k 0402WGF5101TCE,"R1,R2",Resistor_0402,C25905,2
27R 0402WGF270JTCE,"R3,R4",Resistor_0402,C25100,2
10k 0402WGF1002TCE,"R5,R7",Resistor_0402,C25744,2
1k 0402WGF1001TCE,"R6,R8",Resistor_0402,C11702,2
Kailh CPG151101S11 MX hot-swap socket,"SW1,SW2,SW3,SW4,SW5,SW6,SW7,SW8,SW9,SW10,SW11,SW12,SW13,SW14,SW15,SW16,SW17,SW18,SW19,SW20,SW21,SW22,SW23,SW24,SW25,SW26,SW27,SW28,SW29,SW30,SW31,SW32,SW33,SW34,SW35,SW36,SW37,SW38,SW39,SW40,SW41,SW42,SW43,SW44,SW45,SW46,SW47,SW48,SW49,SW50,SW51,SW52,SW53,SW54,SW55,SW56,SW57,SW58,SW59,SW60,SW61,SW62,SW63,SW64,SW65,SW66,SW67,SW68,SW69,SW70,SW71,SW72,SW73,SW74,SW75,SW76,SW77,SW78,SW79,SW80,SW81,SW82",Kailh_CPG151101S11,C5156480,82
BOOT TS-1187A-B-A-B,SW90,SW_Push_1P1T_XKB_TS-1187A,C318884,1
RESET TS-1187A-B-A-B,SW91,SW_Push_1P1T_XKB_TS-1187A,C318884,1
RP2040,U1,QFN-56-1EP_7x7mm_P0.4mm_EP3.2x3.2mm_ThermalVias,C2040,1
USBLC6-2SC6,U2,ESD_SOT-23-6,C7519,1
XC6206P332MR,U3,Voltage_SOT-23,C5446,1
W25Q16JVUXIQ,U4,Winbond_USON-8-1EP_3x2mm_P0.5mm_EP0.2x1.6mm,C2843335,1
12MHz ABM8-272-T3,Y1,Crystal_SMD_3225-4Pin_3.2x2.5mm,C20625731,1
