Designator,Mid X,Mid Y,Layer,Rotation
C1,285.1000mm,116.6875mm,Bottom,-90
C2,290.7000mm,116.6875mm,Bottom,90
C3,301.7000mm,112.2875mm,Bottom,0
C4,303.8000mm,112.2875mm,Bottom,180
C5,296.3000mm,103.1375mm,Bottom,-90
C6,289.9000mm,103.9875mm,Bottom,180
C7,290.3000mm,113.9875mm,Bottom,90
C9,296.3500mm,114.1875mm,Bottom,90
C10,292.5000mm,113.9875mm,Bottom,90
C11,295.3500mm,102.9875mm,Bottom,-90
C12,303.6000mm,103.1875mm,Bottom,180
C13,291.4000mm,113.9875mm,Bottom,90
C14,294.3500mm,114.1875mm,Bottom,90
C15,299.3000mm,117.9875mm,Bottom,180
C16,301.8000mm,98.9375mm,Bottom,0
C17,295.3000mm,100.6875mm,Bottom,180
D1,21.4250mm,122.9625mm,Bottom,90
D2,59.5250mm,122.9625mm,Bottom,90
D3,78.5750mm,122.9625mm,Bottom,90
D4,97.6250mm,122.9625mm,Bottom,90
D5,116.6750mm,122.9625mm,Bottom,90
D6,140.4875mm,122.9625mm,Bottom,90
D7,159.5375mm,122.9625mm,Bottom,90
D8,178.5875mm,122.9625mm,Bottom,90
D9,197.6375mm,122.9625mm,Bottom,90
D10,221.4500mm,122.9625mm,Bottom,90
D11,240.5000mm,122.9625mm,Bottom,90
D12,259.5500mm,122.9625mm,Bottom,90
D13,278.6000mm,122.9625mm,Bottom,90
D14,330.9875mm,122.9625mm,Bottom,90
D15,21.4250mm,94.3875mm,Bottom,90
D16,40.4750mm,94.3875mm,Bottom,90
D17,59.5250mm,94.3875mm,Bottom,90
D18,78.5750mm,94.3875mm,Bottom,90
D19,97.6250mm,94.3875mm,Bottom,90
D20,116.6750mm,94.3875mm,Bottom,90
D21,135.7250mm,94.3875mm,Bottom,90
D22,154.7750mm,94.3875mm,Bottom,90
D23,173.8250mm,94.3875mm,Bottom,90
D24,192.8750mm,94.3875mm,Bottom,90
D25,211.9250mm,94.3875mm,Bottom,90
D26,230.9750mm,94.3875mm,Bottom,90
D27,250.0250mm,94.3875mm,Bottom,90
D28,278.6000mm,94.3875mm,Bottom,90
D29,330.9875mm,94.3875mm,Bottom,90
D30,26.1875mm,75.3375mm,Bottom,90
D31,50.0000mm,75.3375mm,Bottom,90
D32,69.0500mm,75.3375mm,Bottom,90
D33,88.1000mm,75.3375mm,Bottom,90
D34,107.1500mm,75.3375mm,Bottom,90
D35,126.2000mm,75.3375mm,Bottom,90
D36,145.2500mm,75.3375mm,Bottom,90
D37,164.3000mm,75.3375mm,Bottom,90
D38,183.3500mm,75.3375mm,Bottom,90
D39,202.4000mm,75.3375mm,Bottom,90
D40,221.4500mm,75.3375mm,Bottom,90
D41,240.5000mm,75.3375mm,Bottom,90
D42,259.5500mm,75.3375mm,Bottom,90
D43,283.3625mm,75.3375mm,Bottom,90
D44,330.9875mm,75.3375mm,Bottom,90
D45,28.5688mm,56.2875mm,Bottom,90
D46,54.7625mm,56.2875mm,Bottom,90
D47,73.8125mm,56.2875mm,Bottom,90
D48,92.8625mm,56.2875mm,Bottom,90
D49,111.9125mm,56.2875mm,Bottom,90
D50,130.9625mm,56.2875mm,Bottom,90
D51,150.0125mm,56.2875mm,Bottom,90
D52,169.0625mm,56.2875mm,Bottom,90
D53,188.1125mm,56.2875mm,Bottom,90
D54,207.1625mm,56.2875mm,Bottom,90
D55,226.2125mm,56.2875mm,Bottom,90
D56,245.2625mm,56.2875mm,Bottom,90
D57,276.2188mm,56.2875mm,Bottom,90
D58,330.9875mm,56.2875mm,Bottom,90
D59,33.3312mm,37.2375mm,Bottom,90
D60,64.2875mm,37.2375mm,Bottom,90
D61,83.3375mm,37.2375mm,Bottom,90
D62,102.3875mm,37.2375mm,Bottom,90
D63,121.4375mm,37.2375mm,Bottom,90
D64,140.4875mm,37.2375mm,Bottom,90
D65,159.5375mm,37.2375mm,Bottom,90
D66,178.5875mm,37.2375mm,Bottom,90
D67,197.6375mm,37.2375mm,Bottom,90
D68,216.6875mm,37.2375mm,Bottom,90
D69,235.7375mm,37.2375mm,Bottom,90
D70,261.9312mm,37.2375mm,Bottom,90
D71,307.1750mm,32.4750mm,Bottom,90
D72,330.9875mm,37.2375mm,Bottom,90
D73,23.8062mm,18.1875mm,Bottom,90
D74,47.6187mm,18.1875mm,Bottom,90
D75,71.4313mm,18.1875mm,Bottom,90
D76,142.8688mm,18.1875mm,Bottom,90
D77,211.9250mm,18.1875mm,Bottom,90
D78,230.9750mm,18.1875mm,Bottom,90
D79,250.0250mm,18.1875mm,Bottom,90
D80,288.1250mm,13.4250mm,Bottom,90
D81,307.1750mm,13.4250mm,Bottom,90
D82,326.2250mm,13.4250mm,Bottom,90
F1,290.6000mm,122.9875mm,Bottom,-90
J1,296.5000mm,130.9375mm,Bottom,0
R1,293.2000mm,122.9875mm,Bottom,-90
R2,299.9000mm,122.7875mm,Bottom,-90
R3,296.6000mm,117.2875mm,Bottom,90
R4,295.4000mm,117.2875mm,Bottom,90
R5,306.4000mm,116.9875mm,Bottom,180
R6,306.4000mm,115.6875mm,Bottom,0
R7,293.6000mm,101.1875mm,Bottom,-90
R8,297.4000mm,102.7875mm,Bottom,-90
SW1,11.9050mm,125.8725mm,Bottom,180
SW2,50.0050mm,125.8725mm,Bottom,180
SW3,69.0550mm,125.8725mm,Bottom,180
SW4,88.1050mm,125.8725mm,Bottom,180
SW5,107.1550mm,125.8725mm,Bottom,180
SW6,130.9675mm,125.8725mm,Bottom,180
SW7,150.0175mm,125.8725mm,Bottom,180
SW8,169.0675mm,125.8725mm,Bottom,180
SW9,188.1175mm,125.8725mm,Bottom,180
SW10,211.9300mm,125.8725mm,Bottom,180
SW11,230.9800mm,125.8725mm,Bottom,180
SW12,250.0300mm,125.8725mm,Bottom,180
SW13,269.0800mm,125.8725mm,Bottom,180
SW14,321.4675mm,125.8725mm,Bottom,180
SW15,11.9050mm,97.2975mm,Bottom,180
SW16,30.9550mm,97.2975mm,Bottom,180
SW17,50.0050mm,97.2975mm,Bottom,180
SW18,69.0550mm,97.2975mm,Bottom,180
SW19,88.1050mm,97.2975mm,Bottom,180
SW20,107.1550mm,97.2975mm,Bottom,180
SW21,126.2050mm,97.2975mm,Bottom,180
SW22,145.2550mm,97.2975mm,Bottom,180
SW23,164.3050mm,97.2975mm,Bottom,180
SW24,183.3550mm,97.2975mm,Bottom,180
SW25,202.4050mm,97.2975mm,Bottom,180
SW26,221.4550mm,97.2975mm,Bottom,180
SW27,240.5050mm,97.2975mm,Bottom,180
SW28,269.0800mm,97.2975mm,Bottom,180
SW29,321.4675mm,97.2975mm,Bottom,180
SW30,16.6675mm,78.2475mm,Bottom,180
SW31,40.4800mm,78.2475mm,Bottom,180
SW32,59.5300mm,78.2475mm,Bottom,180
SW33,78.5800mm,78.2475mm,Bottom,180
SW34,97.6300mm,78.2475mm,Bottom,180
SW35,116.6800mm,78.2475mm,Bottom,180
SW36,135.7300mm,78.2475mm,Bottom,180
SW37,154.7800mm,78.2475mm,Bottom,180
SW38,173.8300mm,78.2475mm,Bottom,180
SW39,192.8800mm,78.2475mm,Bottom,180
SW40,211.9300mm,78.2475mm,Bottom,180
SW41,230.9800mm,78.2475mm,Bottom,180
SW42,250.0300mm,78.2475mm,Bottom,180
SW43,273.8425mm,78.2475mm,Bottom,180
SW44,321.4675mm,78.2475mm,Bottom,180
SW45,19.0487mm,59.1975mm,Bottom,180
SW46,45.2425mm,59.1975mm,Bottom,180
SW47,64.2925mm,59.1975mm,Bottom,180
SW48,83.3425mm,59.1975mm,Bottom,180
SW49,102.3925mm,59.1975mm,Bottom,180
SW50,121.4425mm,59.1975mm,Bottom,180
SW51,140.4925mm,59.1975mm,Bottom,180
SW52,159.5425mm,59.1975mm,Bottom,180
SW53,178.5925mm,59.1975mm,Bottom,180
SW54,197.6425mm,59.1975mm,Bottom,180
SW55,216.6925mm,59.1975mm,Bottom,180
SW56,235.7425mm,59.1975mm,Bottom,180
SW57,266.6988mm,59.1975mm,Bottom,180
SW58,321.4675mm,59.1975mm,Bottom,180
SW59,23.8112mm,40.1475mm,Bottom,180
SW60,54.7675mm,40.1475mm,Bottom,180
SW61,73.8175mm,40.1475mm,Bottom,180
SW62,92.8675mm,40.1475mm,Bottom,180
SW63,111.9175mm,40.1475mm,Bottom,180
SW64,130.9675mm,40.1475mm,Bottom,180
SW65,150.0175mm,40.1475mm,Bottom,180
SW66,169.0675mm,40.1475mm,Bottom,180
SW67,188.1175mm,40.1475mm,Bottom,180
SW68,207.1675mm,40.1475mm,Bottom,180
SW69,226.2175mm,40.1475mm,Bottom,180
SW70,252.4112mm,40.1475mm,Bottom,180
SW71,297.6550mm,35.3850mm,Bottom,180
SW72,321.4675mm,40.1475mm,Bottom,180
SW73,14.2863mm,21.0975mm,Bottom,180
SW74,38.0988mm,21.0975mm,Bottom,180
SW75,61.9113mm,21.0975mm,Bottom,180
SW76,133.3487mm,21.0975mm,Bottom,180
SW77,202.4050mm,21.0975mm,Bottom,180
SW78,221.4550mm,21.0975mm,Bottom,180
SW79,240.5050mm,21.0975mm,Bottom,180
SW80,278.6050mm,16.3350mm,Bottom,180
SW81,297.6550mm,16.3350mm,Bottom,180
SW82,316.7050mm,16.3350mm,Bottom,180
SW90,307.3000mm,122.9875mm,Bottom,0
SW91,288.8000mm,94.7875mm,Bottom,180
U1,296.5000mm,108.9875mm,Bottom,180
U2,296.5000mm,121.8875mm,Bottom,-90
U3,287.9000mm,116.6875mm,Bottom,180
U4,301.6000mm,115.8875mm,Bottom,180
Y1,298.6000mm,99.7875mm,Bottom,180
