Section,Item,Qty,Specification,Designators,LCSC part,Source / file,,
Kit,PCBA (this design),1,"2-layer FR4 1.6 mm, black mask, ENIG, bottom-side SMT assembled",,,Manufacturing/PCB - JLCPCB/PCBWay,,
Kit,FR4 plate,1,"1.5 mm (1.6 mm fits), black mask, ENIG for the gold name",,,Manufacturing/Plate - any PCB fab,,
Kit,Case top,1,PETG/ASA print or CNC 6061,,,Mechanical/Case,,
Kit,Case bottom,1,"PETG/ASA print or CNC 6061 (solid wedge, 6 deg)",,,Mechanical/Case,,
Kit,MX-compatible switches,82,3-pin or 5-pin,,,user choice,,
Kit,Keycaps,82,"1u x 71, 1.25u x 3, 1.5u x 2, 1.75u x 2, 2u x 1, 2.25u x 2, 6.25u x 1",,,"any MX set with a 75 % kit (1.75u RShift, 6.25u space)",,
Kit,PCB-mount screw-in stabilisers,4,"3 x 2u (Backspace, Enter, LShift) + 1 x 6.25u (Space)",,,Durock/Cherry/TX,,
Kit,Gaskets,16,20 x 4.5 x 2 mm Poron 4701-50 or 40A silicone,,,Mechanical/Soft DXF,,
Kit,Case foam,1,3 mm PE / Poron,,,Mechanical/Soft DXF,,
Kit,Plate foam (optional),1,"3.5 mm Poron / PE, with stabiliser/wire windows",,,Mechanical/Soft DXF,,
Kit,Screws,8,M3 x 8 ISO 4762 socket head,,,,,
Kit,Heat-set inserts,8,M3 x 4 x 4.0 mm heat-set insert (printed top case; tap M3 if CNC),,,,,
Kit,Dowel pins (split print only),5,3 x 12 mm steel dowel (or printed pin),,,only for the 4-piece printed case,,
Kit,Bumpers,4,10 x 3 mm silicone bumper,,,,,
Kit,USB-C cable,1,overmould <= 12.3 x 6.5 mm,,,,,
PCBA (assembled by JLCPCB),10uF CL10A106KP8NNNC,2,C_0603_1608Metric,"C1,C2",C19702,Manufacturing/PCB/Vamora75_BOM_JLCPCB.csv,,
PCBA (assembled by JLCPCB),100nF CL05B104KO5NNNC,10,Capacitor_0402,"C3,C4,C5,C6,C7,C9,C10,C11,C12,C15",C1525,Manufacturing/PCB/Vamora75_BOM_JLCPCB.csv,,
PCBA (assembled by JLCPCB),1uF CL05A105KA5NQNC,2,Capacitor_0402,"C13,C14",C52923,Manufacturing/PCB/Vamora75_BOM_JLCPCB.csv,,
PCBA (assembled by JLCPCB),15pF 0402CG150J500NT,2,Capacitor_0402,"C16,C17",C1548,Manufacturing/PCB/Vamora75_BOM_JLCPCB.csv,,
PCBA (assembled by JLCPCB),1N4148W,82,Diode_SOD-123,"D1,D2,D3,D4,D5,D6,D7,D8,D9,D10,D11,D12,D13,D14,D15,D16,D17,D18,D19,D20,D21,D22,D23,D24,D25,D26,D27,D28,D29,D30,D31,D32,D33,D34,D35,D36,D37,D38,D39,D40,D41,D42,D43,D44,D45,D46,D47,D48,D49,D50,D51,D52,D53,D54,D55,D56,D57,D58,D59,D60,D61,D62,D63,D64,D65,D66,D67,D68,D69,D70,D71,D72,D73,D74,D75,D76,D77,D78,D79,D80,D81,D82",C81598,Manufacturing/PCB/Vamora75_BOM_JLCPCB.csv,,
PCBA (assembled by JLCPCB),500mA SMD0805-050,1,Fuse_0805_2012Metric,F1,C66452,Manufacturing/PCB/Vamora75_BOM_JLCPCB.csv,,
PCBA (assembled by JLCPCB),HRO TYPE-C-31-M-12,1,USB_C_HRO_TYPE-C-31-M-12,J1,C165948,Manufacturing/PCB/Vamora75_BOM_JLCPCB.csv,,
PCBA (assembled by JLCPCB),5.1k 0402WGF5101TCE,2,Resistor_0402,"R1,R2",C25905,Manufacturing/PCB/Vamora75_BOM_JLCPCB.csv,,
PCBA (assembled by JLCPCB),27R 0402WGF270JTCE,2,Resistor_0402,"R3,R4",C25100,Manufacturing/PCB/Vamora75_BOM_JLCPCB.csv,,
PCBA (assembled by JLCPCB),10k 0402WGF1002TCE,2,Resistor_0402,"R5,R7",C25744,Manufacturing/PCB/Vamora75_BOM_JLCPCB.csv,,
PCBA (assembled by JLCPCB),1k 0402WGF1001TCE,2,Resistor_0402,"R6,R8",C11702,Manufacturing/PCB/Vamora75_BOM_JLCPCB.csv,,
PCBA (assembled by JLCPCB),Kailh CPG151101S11 MX hot-swap socket,82,Kailh_CPG151101S11,"SW1,SW2,SW3,SW4,SW5,SW6,SW7,SW8,SW9,SW10,SW11,SW12,SW13,SW14,SW15,SW16,SW17,SW18,SW19,SW20,SW21,SW22,SW23,SW24,SW25,SW26,SW27,SW28,SW29,SW30,SW31,SW32,SW33,SW34,SW35,SW36,SW37,SW38,SW39,SW40,SW41,SW42,SW43,SW44,SW45,SW46,SW47,SW48,SW49,SW50,SW51,SW52,SW53,SW54,SW55,SW56,SW57,SW58,SW59,SW60,SW61,SW62,SW63,SW64,SW65,SW66,SW67,SW68,SW69,SW70,SW71,SW72,SW73,SW74,SW75,SW76,SW77,SW78,SW79,SW80,SW81,SW82",C5156480,Manufacturing/PCB/Vamora75_BOM_JLCPCB.csv,,
PCBA (assembled by JLCPCB),BOOT TS-1187A-B-A-B,1,SW_Push_1P1T_XKB_TS-1187A,SW90,C318884,Manufacturing/PCB/Vamora75_BOM_JLCPCB.csv,,
PCBA (assembled by JLCPCB),RESET TS-1187A-B-A-B,1,SW_Push_1P1T_XKB_TS-1187A,SW91,C318884,Manufacturing/PCB/Vamora75_BOM_JLCPCB.csv,,
PCBA (assembled by JLCPCB),RP2040,1,QFN-56-1EP_7x7mm_P0.4mm_EP3.2x3.2mm_ThermalVias,U1,C2040,Manufacturing/PCB/Vamora75_BOM_JLCPCB.csv,,
PCBA (assembled by JLCPCB),USBLC6-2SC6,1,ESD_SOT-23-6,U2,C7519,Manufacturing/PCB/Vamora75_BOM_JLCPCB.csv,,
PCBA (assembled by JLCPCB),XC6206P332MR,1,Voltage_SOT-23,U3,C5446,Manufacturing/PCB/Vamora75_BOM_JLCPCB.csv,,
PCBA (assembled by JLCPCB),W25Q16JVUXIQ,1,Winbond_USON-8-1EP_3x2mm_P0.5mm_EP0.2x1.6mm,U4,C2843335,Manufacturing/PCB/Vamora75_BOM_JLCPCB.csv,,
PCBA (assembled by JLCPCB),12MHz ABM8-272-T3,1,Crystal_SMD_3225-4Pin_3.2x2.5mm,Y1,C20625731,Manufacturing/PCB/Vamora75_BOM_JLCPCB.csv,,
