Item,Qty,Specification,Source / file
PCBA (this design),1,"2-layer FR4 1.6 mm, bottom-side SMT assembled",Manufacturing/PCB - JLCPCB/PCBWay
FR4 plate,1,"1.5 mm (1.6 mm fits), black mask, ENIG for the gold logo",Manufacturing/Plate - any PCB fab
Case top,1,PETG/ASA print or CNC 6061,Mechanical/Case
Case bottom,1,"PETG/ASA print or CNC 6061 (solid wedge, 6 deg)",Mechanical/Case
MX-compatible switches,82,3-pin or 5-pin,user choice
Keycaps,82,"1u x 71, 1.25u x 3, 1.5u x 2, 1.75u x 2, 2u x 1, 2.25u x 2, 6.25u x 1",any MX set with 75 % kit
PCB-mount screw-in stabilisers,4,"3 x 2u (Backspace, Enter, LShift) + 1 x 6.25u (Space)",Durock/Cherry/TX
Gaskets,16,20 x 4.5 x 2 mm Poron 4701-50 or 40A silicone,Mechanical/Soft DXF
Case foam,1,3 mm PE / Poron,Mechanical/Soft DXF
Plate foam (optional),1,3.5 mm Poron / PE,Mechanical/Soft DXF
Screws,8,M3 x 8 ISO 4762 socket head,
Heat-set inserts,8,M3 x 4 x 4.0 mm heat-set insert (printed top case; tap M3 if CNC),
Dowel pins (split print only),5,3 x 12 mm steel dowel (or printed pin),only for the 4-piece printed case
Bumpers,4,10 x 3 mm silicone bumper,
USB-C cable,1,overmould <= 12.3 x 6.5 mm,
