n,label,width_u,row,col,switch,diode,pcb_x_mm,pcb_y_mm,cad_x_mm,cad_y_mm,stabilizer_mm
1,Esc,1,0,0,SW1,D1,12.525,12.525,12.525,122.0625,
2,F1,1,0,2,SW2,D2,50.625,12.525,50.625,122.0625,
3,F2,1,0,3,SW3,D3,69.675,12.525,69.675,122.0625,
4,F3,1,0,4,SW4,D4,88.725,12.525,88.725,122.0625,
5,F4,1,0,5,SW5,D5,107.775,12.525,107.775,122.0625,
6,F5,1,0,6,SW6,D6,131.5875,12.525,131.5875,122.0625,
7,F6,1,0,7,SW7,D7,150.6375,12.525,150.6375,122.0625,
8,F7,1,0,8,SW8,D8,169.6875,12.525,169.6875,122.0625,
9,F8,1,0,9,SW9,D9,188.7375,12.525,188.7375,122.0625,
10,F9,1,0,10,SW10,D10,212.55,12.525,212.55,122.0625,
11,F10,1,0,11,SW11,D11,231.6,12.525,231.6,122.0625,
12,F11,1,0,12,SW12,D12,250.65,12.525,250.65,122.0625,
13,F12,1,0,13,SW13,D13,269.7,12.525,269.7,122.0625,
14,Del,1,0,15,SW14,D14,322.0875,12.525,322.0875,122.0625,
15,`,1,1,0,SW15,D15,12.525,41.1,12.525,93.4875,
16,1,1,1,1,SW16,D16,31.575,41.1,31.575,93.4875,
17,2,1,1,2,SW17,D17,50.625,41.1,50.625,93.4875,
18,3,1,1,3,SW18,D18,69.675,41.1,69.675,93.4875,
19,4,1,1,4,SW19,D19,88.725,41.1,88.725,93.4875,
20,5,1,1,5,SW20,D20,107.775,41.1,107.775,93.4875,
21,6,1,1,6,SW21,D21,126.825,41.1,126.825,93.4875,
22,7,1,1,7,SW22,D22,145.875,41.1,145.875,93.4875,
23,8,1,1,8,SW23,D23,164.925,41.1,164.925,93.4875,
24,9,1,1,9,SW24,D24,183.975,41.1,183.975,93.4875,
25,0,1,1,10,SW25,D25,203.025,41.1,203.025,93.4875,
26,-,1,1,11,SW26,D26,222.075,41.1,222.075,93.4875,
27,=,1,1,12,SW27,D27,241.125,41.1,241.125,93.4875,
28,Backspace,2,1,13,SW28,D28,269.7,41.1,269.7,93.4875,23.876
29,Home,1,1,15,SW29,D29,322.0875,41.1,322.0875,93.4875,
30,Tab,1.5,2,0,SW30,D30,17.2875,60.15,17.2875,74.4375,
31,Q,1,2,1,SW31,D31,41.1,60.15,41.1,74.4375,
32,W,1,2,2,SW32,D32,60.15,60.15,60.15,74.4375,
33,E,1,2,3,SW33,D33,79.2,60.15,79.2,74.4375,
34,R,1,2,4,SW34,D34,98.25,60.15,98.25,74.4375,
35,T,1,2,5,SW35,D35,117.3,60.15,117.3,74.4375,
36,Y,1,2,6,SW36,D36,136.35,60.15,136.35,74.4375,
37,U,1,2,7,SW37,D37,155.4,60.15,155.4,74.4375,
38,I,1,2,8,SW38,D38,174.45,60.15,174.45,74.4375,
39,O,1,2,9,SW39,D39,193.5,60.15,193.5,74.4375,
40,P,1,2,10,SW40,D40,212.55,60.15,212.55,74.4375,
41,[,1,2,11,SW41,D41,231.6,60.15,231.6,74.4375,
42,],1,2,12,SW42,D42,250.65,60.15,250.65,74.4375,
43,\,1.5,2,13,SW43,D43,274.4625,60.15,274.4625,74.4375,
44,PgUp,1,2,15,SW44,D44,322.0875,60.15,322.0875,74.4375,
45,Caps,1.75,3,0,SW45,D45,19.6687,79.2,19.6687,55.3875,
46,A,1,3,1,SW46,D46,45.8625,79.2,45.8625,55.3875,
47,S,1,3,2,SW47,D47,64.9125,79.2,64.9125,55.3875,
48,D,1,3,3,SW48,D48,83.9625,79.2,83.9625,55.3875,
49,F,1,3,4,SW49,D49,103.0125,79.2,103.0125,55.3875,
50,G,1,3,5,SW50,D50,122.0625,79.2,122.0625,55.3875,
51,H,1,3,6,SW51,D51,141.1125,79.2,141.1125,55.3875,
52,J,1,3,7,SW52,D52,160.1625,79.2,160.1625,55.3875,
53,K,1,3,8,SW53,D53,179.2125,79.2,179.2125,55.3875,
54,L,1,3,9,SW54,D54,198.2625,79.2,198.2625,55.3875,
55,;,1,3,10,SW55,D55,217.3125,79.2,217.3125,55.3875,
56,',1,3,11,SW56,D56,236.3625,79.2,236.3625,55.3875,
57,Enter,2.25,3,13,SW57,D57,267.3188,79.2,267.3188,55.3875,23.876
58,PgDn,1,3,15,SW58,D58,322.0875,79.2,322.0875,55.3875,
59,LShift,2.25,4,0,SW59,D59,24.4313,98.25,24.4313,36.3375,23.876
60,Z,1,4,1,SW60,D60,55.3875,98.25,55.3875,36.3375,
61,X,1,4,2,SW61,D61,74.4375,98.25,74.4375,36.3375,
62,C,1,4,3,SW62,D62,93.4875,98.25,93.4875,36.3375,
63,V,1,4,4,SW63,D63,112.5375,98.25,112.5375,36.3375,
64,B,1,4,5,SW64,D64,131.5875,98.25,131.5875,36.3375,
65,N,1,4,6,SW65,D65,150.6375,98.25,150.6375,36.3375,
66,M,1,4,7,SW66,D66,169.6875,98.25,169.6875,36.3375,
67,",",1,4,8,SW67,D67,188.7375,98.25,188.7375,36.3375,
68,.,1,4,9,SW68,D68,207.7875,98.25,207.7875,36.3375,
69,/,1,4,10,SW69,D69,226.8375,98.25,226.8375,36.3375,
70,RShift,1.75,4,12,SW70,D70,253.0312,98.25,253.0312,36.3375,
71,Up,1,4,14,SW71,D71,298.275,103.0125,298.275,31.575,
72,End,1,4,15,SW72,D72,322.0875,98.25,322.0875,36.3375,
73,LCtrl,1.25,5,0,SW73,D73,14.9062,117.3,14.9062,17.2875,
74,Win,1.25,5,1,SW74,D74,38.7188,117.3,38.7188,17.2875,
75,LAlt,1.25,5,2,SW75,D75,62.5312,117.3,62.5312,17.2875,
76,Space,6.25,5,5,SW76,D76,133.9688,117.3,133.9688,17.2875,100.0
77,RAlt,1,5,9,SW77,D77,203.025,117.3,203.025,17.2875,
78,Fn,1,5,10,SW78,D78,222.075,117.3,222.075,17.2875,
79,RCtrl,1,5,11,SW79,D79,241.125,117.3,241.125,17.2875,
80,Left,1,5,13,SW80,D80,279.225,122.0625,279.225,12.525,
81,Down,1,5,14,SW81,D81,298.275,122.0625,298.275,12.525,
82,Right,1,5,15,SW82,D82,317.325,122.0625,317.325,12.525,
